5-techniques-for-achieving-the-perfect-push-up-form.webp,pushup_bottom,39.93213223909038,23.53677789401109,58.897427812066915,13.578714042411946,83.65775090841898,4.08717663571767,79.12156392474843,7.844022760571752,45.93452817906475,50.6591554047375,140.76807750962485,126.15064979146467,45.93452817906475,50.6591554047375,78.12148652109168,26.657732178178733,91.94138999514949,27.58235856366583,31.836833283524374,47.03937358575155
How-to-get-better-at-push-ups.jpg,pushup_bottom,51.59542955012753,22.239661836215973,47.36745890690795,28.797329084859935,70.6779026141598,8.260655062195184,73.74720626580667,4.87553433613038,37.910976905605295,41.43610560679423,115.96384552976153,124.41489631996738,37.910976905605295,41.43610560679423,71.40511358038488,33.192913227093314,81.04553734651735,36.55117528439668,40.76595692300622,32.78362597090385
Push+Up+Negative+Exercise.png,pushup_bottom,53.20345780299374,16.092843431304654,38.62138255598989,13.498052939911783,61.82318511265846,3.737102142453815,56.113572687873486,5.72393090201043,69.76371718811036,59.52808138930946,102.96337744809442,93.01501341490177,69.76371718811036,59.52808138930946,117.52596256313102,53.662393282433776,141.88220404060786,65.18675144405029,36.640261100441776,36.96839035989477
Push-UpFeelImpossible_FeaturedImage.jpg,pushup_bottom,26.96503657777485,29.237474892575424,60.89350215724781,28.46341410612543,109.64823206409858,5.006976433075318,75.36615315605556,3.785295775511203,39.319706629894306,41.54069202916103,139.70858846868677,129.1477468395352,39.319706629894306,41.54069202916103,99.43852203438047,82.21153009473736,49.78232849139995,108.39709493362307,52.168877209757156,39.77372123095305
bottom-position.jpg,pushup_bottom,32.98787267806907,21.179446371831055,38.389920069959544,20.099160233805108,57.20379782357982,3.3424957045638632,61.29586407056521,2.9401091157801766,41.076196844814845,45.74967635631085,93.0131411110617,103.44199417141651,41.076196844814845,45.74967635631085,93.36352365155115,44.72255358290487,100.88471354386783,53.276276768813496,32.141847479980505,25.86241167083514
hqdefault.jpg,pushup_bottom,34.10070127475284,17.104866141275814,36.57482741007366,14.893042358020205,58.89080873505156,6.6498158400598975,58.23259481857842,7.438009717937464,42.758763895553784,46.723011189194736,103.86693318089296,94.04823909823985,42.758763895553784,46.723011189194736,94.07032324528733,49.12668438777823,92.63711062423242,56.048683360354346,22.609224847112877,33.67171192714846
image-asset.jpeg,pushup_bottom,30.878735049426307,26.54406699048177,29.75592140107872,19.850822866174585,68.08783530972194,1.5969707469003716,62.86766556176972,3.591833950552634,33.84971140708536,51.386734974126156,107.74699195586184,104.23619386691766,33.84971140708536,51.386734974126156,102.35288422913403,55.10488956739522,87.00933291109256,58.42673256823961,21.69741908301093,28.62126852324048
images.jpg,pushup_bottom,33.95867399490438,20.84657009937319,33.95242021617137,22.09991703769091,56.61166555968795,3.868995085365039,62.19527424600137,2.8245671903469143,43.37279324641085,40.46539988590781,92.29726569701319,104.6948228916352,43.37279324641085,40.46539988590781,93.80117915628696,41.30125147425632,91.19847895192004,45.67295030432421,32.104263500963725,23.864811851103127
images1.jpg,pushup_bottom,21.53239721489359,20.961242437013823,30.257369539105827,27.194273719664206,61.67326476325839,2.7877658354150903,62.405185078190705,3.3068453693784665,31.02783985674161,31.536874983398484,101.53472872774572,104.91825128893103,31.02783985674161,31.536874983398484,74.09464553577548,28.49433743088526,54.2620924464069,27.50690625984155,21.906394214704022,21.831312266657232
images2.jpg,pushup_bottom,78.13136421453018,14.708808974679442,81.46215445968933,14.54936555882983,59.98868142785589,7.970379944535472,58.248000300612404,3.2459591120827125,88.36193744543472,107.88938386267532,94.41797947272298,104.8595762108941,88.36193744543472,107.88938386267532,174.18434194067447,56.15614013184249,240.21399691229558,64.61397210856437,57.33757614734879,44.88173428040306
images3.jpg,pushup_bottom,38.674022065814654,20.842480656586517,25.426707667980903,25.346715941493443,62.96739301383819,5.649602241281103,66.45568520776614,3.465645797704751,42.633342904488615,33.74770167987292,102.64387086063088,106.7816911440329,42.633342904488615,33.74770167987292,65.12585969358128,48.827275569256706,18.386919894015104,57.05828979823398,20.690873762215432,20.793231918483663
images4.jpg,pushup_bottom,55.16099526929259,32.1128686494784,81.61861174179907,18.289252960028765,98.26914265196702,8.404996116489004,99.62993500078318,8.002582768987878,55.184645884815126,50.19114481615526,173.29367889149103,170.38431550759407,55.184645884815126,50.19114481615526,81.93486595905338,34.063092130941165,97.0052892888593,38.768407257087624,38.298325262091055,55.855022288583854
images5.jpg,pushup_bottom,31.21721423594987,17.08076180891153,46.00829822200135,13.874080581502467,59.783742428247265,2.4704547851717837,57.41334203043107,4.619505980048606,35.23848876252582,43.295402849471124,107.99476061628685,95.30112295275838,35.23848876252582,43.295402849471124,90.74034920000318,38.181251939568476,97.10958937858159,44.364972918198575,19.753290260852303,37.0553418815068
images6.jpg,pushup_bottom,63.72624702260779,18.736041246254782,83.63623324946924,21.567931118574457,70.97455405812222,6.033753452576751,62.602128056787414,6.260688810355257,80.16662042551886,103.12460765241372,95.79434314626263,106.52548835867321,80.16662042551886,103.12460765241372,163.10193619852626,63.78132433416184,218.6507255041206,79.35856274929237,63.95201186135864,40.36657347150645
index.jpg,pushup_bottom,20.140523202127174,20.267555096925747,69.46431017720967,18.852881409360858,62.070421230930606,3.6046915423575254,65.00744637209719,2.956824140296182,40.739522942075176,82.58554018803426,97.90801739068307,106.25185012971369,40.739522942075176,82.58554018803426,123.95224142262063,51.09559401644263,145.8283282275439,62.46426806946567,29.444203336770993,42.818473501710805
index2.jpg,pushup_bottom,38.12385000447898,24.288207969041228,41.96377118521451,28.059017036884807,61.87931277119989,5.535964323292769,68.39905313575647,3.999494181766255,34.894794296813664,52.24812399743978,100.6664211670683,109.59832004156478,34.894794296813664,52.24812399743978,88.82419079235584,48.30920621472849,69.74510318028203,57.976666688993745,20.873784743066324,31.218589857547546
index3.jpg,pushup_bottom,79.53042633173739,13.720302881887928,55.03629942360808,10.30173905325257,69.88610004756882,1.9741526308306943,63.166300084013635,4.355885304300773,98.78419499698799,84.291310547788,104.98045770785264,94.47532990798902,98.78419499698799,84.291310547788,157.59759658841367,78.3642045494246,207.2328992220059,105.1342637692972,62.40471014667824,54.93803059451519
maxresdefault.jpg,pushup_bottom,70.2678788632913,31.995120667999746,89.62188963275555,19.181156907140355,130.71307810158103,11.45222108863248,138.41288852968313,9.928858992563338,101.66030559211895,68.01252616277596,238.97062526595613,245.44024105511332,101.66030559211895,68.01252616277596,120.8875331724981,51.307417520580294,128.846569358504,61.276264004084574,46.61726114833164,57.792567565539144
mh-formcheck-pushup-2-1551985758.png,pushup_bottom,48.155480063290945,27.75845218338118,42.651062234249906,24.361196223454254,66.05903320162807,3.388838796283984,62.8584897166627,6.640082541019414,57.718699775596974,63.72398218292946,107.88421232857493,104.02319905244984,57.718699775596974,63.72398218292946,117.35983893731216,46.47563344825053,149.83930350153506,47.36079119494251,31.51945115477797,35.114824044112744
press-up-position-of-burpee-exercise-in-crossfit.webp,pushup_bottom,39.798156937543034,23.938132221005915,59.884776114445486,13.901128859964574,88.04515942335655,4.4587333757088485,84.12884809043969,7.648074628538901,46.223044939476345,49.3138604696302,147.0318622360314,131.6089112231139,46.223044939476345,49.3138604696302,82.9923885445001,31.38294912429748,96.22560876391657,32.03940603956849,33.19690204677023,49.91598303491188
push-up-exericse-down.jpg,pushup_bottom,47.07592504374252,22.81295383943421,54.926991096372554,14.763173277312633,79.40688984432556,3.18605910425657,77.32884967057446,5.219450822933242,50.735029881077146,44.54666731866135,135.9732668832753,120.5013456377937,50.735029881077146,44.54666731866135,79.32335021341939,30.808661990239667,92.17157652272698,32.815143055605176,30.736259773338695,46.30338425669123
shortening-range-of-motion-on-bottom-of-pushup-not-low-enough-480x270.png,pushup_bottom,52.682578645929375,37.20244507333467,75.46050451436281,22.876985494021394,119.22482758830395,7.66336527284678,122.52436674362004,8.030044067477842,71.57617829193815,47.833648533725786,188.18973125635787,202.16389378737296,71.57617829193815,47.833648533725786,84.28045282410888,30.655257974040925,104.98299657823237,35.07788061335082,43.01629666420296,61.56422143201283
1.jpg,pushup_top,106.72451824189943,3.7964979240505787,91.99976652073327,13.18738229526442,137.08473128155697,11.504713745215238,151.41526183684192,10.616453184276155,151.01382199130666,134.81228823425693,261.1364398357123,269.7729595113655,151.01382199130666,134.81228823425693,85.47591319772717,60.888476490449214,80.62000027939855,66.58159994717931,61.487124477810895,51.72373183012819
16426036911224.jpg,pushup_top,85.7842953595515,10.07818544138162,73.22635685056277,8.719251829285371,74.81175494253577,5.990385160766686,72.27634352338653,7.597274925029871,81.99494628367191,66.60194402564741,139.01714730819765,124.73223771890333,81.99494628367191,66.60194402564741,68.4210788316603,27.858264648081292,61.65014059266548,29.382166603846457,46.93682682932199,39.84010669246032
28-Day-Push-Up-Challenge-500x500.png,pushup_top,49.691250719041136,9.73289837819016,42.31091206511383,7.082365167898126,81.13195204889121,6.020373139966053,77.35222606125653,9.499011696279023,67.85331866235045,75.02852153519166,130.58529165870215,135.40960795906622,67.85331866235045,75.02852153519166,82.35041588418285,44.38594551325832,63.53098991967185,44.50141560140211,36.68940753934967,40.40592216643001
2978qfph2kjafp24y.jpg,pushup_top,74.08211544160551,5.159039598036917,65.81983247578391,12.65272585475749,70.60611610490444,3.633180563437306,72.26684165185968,5.218462758457108,78.8420640371806,60.88662787377996,116.6034749061425,107.8148540956563,78.8420640371806,60.88662787377996,98.69782518099719,61.75453776492488,81.02498519427795,72.13171571542999,51.36112737009344,46.13744685683062
33b12-push-up-form.jpgpush-up-form.jpg,pushup_top,48.70850943076764,6.706292295093417,47.05035802200238,12.109702833773644,65.1274562143961,2.596129200711642,62.61345948005613,5.369499954493704,60.187748845483355,46.72647056897142,109.96160390894146,94.65350295404399,60.187748845483355,46.72647056897142,99.97289358839399,55.74605396772162,80.4393684184053,66.35346318981244,27.887777521390845,30.19476234651581
414489.image2.jpg,pushup_top,59.98335792657163,11.550216296080025,72.88283459067637,5.640405864893614,71.87068951134762,4.48133962167035,75.83129061691162,4.545404425921867,64.60720093098752,82.43388994069531,122.9333699881917,136.1810297376134,64.60720093098752,82.43388994069531,70.50982390917241,34.78582014582667,60.795484136995256,38.40611934572383,38.0182539816659,50.92593370122029
9epYwonNuFRcgS75exY9j9-1200-80.jpg,pushup_top,104.98415664364103,5.923358256902374,88.7917571242104,8.51373348768856,108.72458253498777,7.138790623368523,108.83940030726401,8.992791236704955,119.46681010053483,108.11466357351955,200.8263389136804,196.41491578575076,119.46681010053483,108.11466357351955,66.61550182912848,33.641239482149295,64.79601276034501,30.323277662185994,50.00910449681396,40.137716842785736
IMG_9485.webp,pushup_top,64.08093096348193,5.38024972198198,54.85657212387972,9.175149044284874,60.036111923143864,3.392686348769928,56.26644545072814,6.200921477539493,59.39408392234999,47.51817923253707,103.81371022737706,91.8512446001599,59.39408392234999,47.51817923253707,80.298539119587,37.31449302502182,67.78936936621832,40.96998319717128,33.19041350941355,32.23060709104807
Push-Up-Guide-1024x604.jpg,pushup_top,71.213985181512,6.359147108110874,64.56015905974496,9.536236734050444,67.23300016283096,5.070580993430301,62.70684017191485,6.707567579733347,77.02998143459332,62.61941158293555,109.2820060827518,98.02216960319465,77.02998143459332,62.61941158293555,86.1361835471572,46.96796753608999,67.5552468152413,48.55704649340771,51.650746199724814,45.02576094651452
Pushup_1-768x512.jpg,pushup_top,64.45530748693555,11.525850661998458,69.51123834621026,2.616131690853672,105.35893065622157,4.580928188883816,103.00043798396314,5.011095571766678,89.55917234731433,97.17042442889083,186.14406237810783,184.23276281871944,89.55917234731433,97.17042442889083,65.94093938672032,31.45784429029418,67.9952788040532,36.0475457110022,36.1564973415691,33.47352743500215
Pushup_2.jpg,pushup_top,83.9151645435363,3.4629018656791577,59.99006142868295,19.860766622082064,134.783064827502,4.945815984489414,168.84410249657682,7.706600020181566,152.81588299896688,94.76107418335587,253.56491932106826,254.77326210722083,152.81588299896688,94.76107418335587,131.35658701091197,75.97681796235092,123.00233390297905,99.55153528313701,48.99488575512181,53.55107684537101
The-30-Day-Push-Up-Challenge-GettyImages-1227568012-2000-b1b8f55cfe25479eba5c31ee48cb19a3.jpg,pushup_top,74.11491184095568,4.925660355474133,57.69286649044856,14.63774060214799,93.98769288359695,5.379797656746058,114.23998415096145,4.608216674341567,105.64148089424451,65.74190436427835,174.1389709012931,166.5876536927866,105.64148089424451,65.74190436427835,102.4382409645318,57.39356868212439,94.82044154327151,73.6350688787761,35.483027458437626,41.37797124097863
full-lockout-of-arms-is-correction-position-for-top-of-pushup-480x270.png,pushup_top,106.52688261340168,5.533376447910661,89.3574543037626,12.500593185702277,121.83770815277356,10.124634779049975,118.24612774087821,7.7602430464511265,120.31921622425267,89.63337944945727,211.08522521077484,194.7531366583227,120.31921622425267,89.63337944945727,73.81063676802772,29.12141356958074,72.08482677368626,24.984974246977337,57.52792051056905,49.580760035497214
how-to-do-a-push-up-why-they-are-so-good-for-you-1440x810.jpg,pushup_top,73.21933677148658,7.245483644067593,92.69103181509104,6.046135725051287,122.21367247720805,4.601463066816939,120.26668441906494,7.228014070971532,97.13586752754502,111.91879543581784,204.70509746771398,214.93023252627873,97.13586752754502,111.91879543581784,45.66550423900674,21.114530651569886,44.504065963036666,26.30602976030936,33.55968205751358,38.58528453005196
images.jpg,pushup_top,53.93541363004335,10.176403540171092,67.86573813689917,7.759616333792158,68.96895726155235,4.681265266531623,66.62759536390386,1.9513830434244719,52.30882138482015,65.92520972688452,102.60450873920908,111.35037521632857,52.30882138482015,65.92520972688452,70.54948768748794,45.88579869090577,56.46356484438106,60.9743389671671,42.60730021406207,46.03691551764107
images1.jpg,pushup_top,50.23320102651695,13.230328693717267,66.26415342297436,10.974519056245185,57.29801121881185,3.4810589322329033,58.82191209113912,3.3152857548048944,39.99054616610129,58.278134593043625,92.50519460330965,105.22924334037303,39.99054616610129,58.278134593043625,63.66940664662111,28.950959279906545,51.35854617810344,28.359211748511832,27.644031694438986,31.58799382903103
images2.jpg,pushup_top,45.52383650795812,12.058094224387125,59.645411442774616,9.935169043647075,63.43516844375884,5.6773820971224005,65.11685077320489,2.7501832870100578,49.81648898723412,63.38353031945194,100.59996690819645,109.66512257884433,49.81648898723412,63.38353031945194,100.0029506372834,41.49698232193458,80.90192304421232,44.10946178775064,35.99299506859546,38.89387709640361
images3.jpg,pushup_top,61.12900519524883,11.272539634673086,70.77635703017928,3.1513149759768933,77.97353862293511,4.107261253849483,79.08434452415256,4.103278806595784,56.50813163480455,72.73517300622898,128.14237282943188,144.90561724412763,56.50813163480455,72.73517300622898,67.35172515099194,32.22578042676209,58.514310805248854,32.84149294803968,32.718903576240315,37.42761168299346
images4.jpg,pushup_top,83.82762946293445,6.619306325872132,63.27236901073522,16.28364763125706,130.4751009572825,5.457254985258136,142.90844250330622,7.328731434545366,156.65476315138156,107.49193809483744,243.27159530843,225.22438173687092,156.65476315138156,107.49193809483744,124.51314499788168,61.31059099162973,115.45504394671227,70.88921784948731,43.49463837943014,41.874451954298365
images5.jpg,pushup_top,69.2221534931615,12.10358072642321,74.57510456081445,4.232282795623257,66.48614417934904,4.990082699223628,65.80247135837108,0.9874816358900382,66.72019438925994,81.34617801911935,109.38569064626977,119.61465789182044,66.72019438925994,81.34617801911935,77.97502072450703,37.44972955373163,66.03284948670148,42.43469550213844,42.163804132794034,45.66419204271319
images6.jpg,pushup_top,54.678629866530436,16.99669083963475,68.5023144630697,5.6907995951325825,83.61152220770221,6.538419763618659,80.48286431068179,4.629191127643213,67.92847810525737,90.39255306556832,127.41428352899766,143.28796636608843,67.92847810525737,90.39255306556832,100.0409161066334,48.10016728460592,81.89690829706423,55.10558413451924,37.35582643649977,41.92884717557794
index.jpg,pushup_top,58.76185992721895,15.607053571984473,65.48265110656575,3.657024285903757,82.64442195104827,5.638019009430555,81.32660650272699,3.29494606315694,57.30118460332358,77.85825452270392,126.90969164292439,141.96735511407022,57.30118460332358,77.85825452270392,95.30037445854062,46.97549217647862,81.38431447377008,49.22211135594332,38.01279572001441,39.57309234504257
mh-formcheck-index-social-1551985785.png,pushup_top,89.50489783127877,7.357486074818631,80.97193940600003,11.74625911633423,73.57123912808304,2.9522216525821543,71.00697086254044,5.300174821903015,86.79181204215297,73.93384719740513,116.45777493760083,108.05431543863493,86.79181204215297,73.93384719740513,92.86733046941943,48.08699370313208,75.47717692574587,49.91669212354862,60.97285973197909,55.511927145749546
morit-summers-push-up-top.jpg.webp,pushup_top,72.28622931558293,9.876983505472321,61.07427891255391,15.72442928103889,68.8237458395004,1.0089082801220715,97.46166642928617,8.277362726888203,88.91846208037838,63.986705598626536,124.31597555174709,125.05343441268016,88.91846208037838,63.986705598626536,118.03339291550203,79.44695712552743,98.8909798907412,105.9538685502842,47.88706238281594,54.97166775426836
proper-push-up-form2.jpg,pushup_top,83.05025221795314,6.924720748363746,69.83371754673495,14.967326398443172,137.55631783501556,7.023623928527298,139.58512342455091,6.557245382308755,133.815263470072,89.89800753299636,245.28967618588644,225.69694449462565,133.815263470072,89.89800753299636,115.97947639104737,48.4075847974689,118.46733174913244,50.45314477528631,46.63940148130749,51.55334075903939
push_ups_main_0.webp,pushup_top,82.42949262749151,19.678829890084746,78.46956327754914,17.259669202637784,278.5985025381311,7.505394648142259,274.44533350454276,11.366627225564102,212.2671064188188,205.32960448563747,457.77536678103064,455.0477160428218,212.2671064188188,205.32960448563747,78.61322249644134,23.07646526571698,89.98205057256853,21.340826936668975,46.32419111290578,45.52624568370794
pushups-chest-workout.jpg,pushup_top,64.80277861116289,9.591404847346109,80.30518196553494,2.69628406923554,56.83658168134993,5.633053590479981,58.317825837235084,6.3764012125323415,60.54791739392606,74.76892878246855,99.15307881479355,108.25731372517109,60.54791739392606,74.76892878246855,64.0804276618554,30.85655876837085,55.23336320451107,33.62712152624978,31.16278084601532,44.04482381727657
shutterstock_1957199755_1000x.webp,pushup_top,71.33719733420924,14.399164898492785,82.42643135266253,8.163725632880507,85.50215757991157,4.144532201744616,84.92968431602068,3.3250787923229668,95.22980398232183,109.56901161321031,142.4842202153203,143.22595874338091,95.22980398232183,109.56901161321031,71.08926175594254,31.3715529258893,54.07233308711398,39.4875118006875,45.859213308229954,50.0269444594593
steve-push-ups.webp,pushup_top,119.3181049035875,4.329077561322309,91.64243876583004,17.2085807006942,142.91526696153005,14.725285942130208,149.58693779229355,15.113032803106062,154.46356451094175,111.5006123222302,256.90065885164086,244.84950159763673,154.46356451094175,111.5006123222302,100.5932386242262,51.58486140957411,94.20313751263848,54.561804233439254,68.2564934606078,59.74725606403794
strength-vs-endurance-push-up-075-joshua-simpson-1638295487.jpg,pushup_top,78.96910524533985,18.268856640051933,101.25066889788741,3.7697145769225977,129.46778227232662,9.841311725092883,88.45319195179258,8.462104488965284,89.15253320105525,135.32076122663196,188.455905978209,169.17057113601075,89.15253320105525,135.32076122663196,117.33469785191114,85.67652772824303,106.18422332783871,117.6780075335993,55.02442648255636,66.57183651404222
thumb_1920x1080_00002_1571234228_11433.jpg,pushup_top,88.34485631382427,15.262812200019031,101.33344098258486,5.8442348469740315,143.89797191579484,7.985048996992641,140.36978850145348,7.232736668175066,118.9688134159042,144.2267232016085,237.45211511508717,244.46407637955326,118.9688134159042,144.2267232016085,77.14201232332779,41.968021095153034,76.05891850461724,53.91828299086217,62.96474036485828,65.35580994968296
thumbnail_1200x800-4-1024x683.jpg.webp,pushup_top,86.2195654303637,12.453562376329591,97.55567982186454,4.085831877314248,103.28117962906704,9.222950135918492,104.3189824196931,6.187069296435163,110.04926489499204,126.27343540723632,186.80983081714226,191.5663208870533,110.04926489499204,126.27343540723632,74.36040505385986,43.50013900728316,67.16603301767586,58.43554029726193,47.50014279674165,62.085529902470064
top-of-pushup.jpg,pushup_top,65.6007677772001,4.9702551782454165,55.35079382441846,9.991135486680012,72.06778934935616,5.410038892327749,68.31870750450194,6.872072733803313,68.22315993614053,60.68222263847273,115.1846321642935,105.85331264328897,68.22315993614053,60.68222263847273,92.32975288320716,37.681152078940066,80.5121615002952,40.33869470839989,43.859482052757556,43.96748878527475
v4-460px-Do-a-Clapping-Push-Up-Step-1-Version-3.jpg.webp,pushup_top,74.14585566273378,6.2781426251613865,60.69799202047249,10.445543717954214,62.11387153795405,6.546446933134399,66.61788424566029,8.905017682935318,74.68609036975668,57.99860194519484,104.06056531152224,98.43122220195764,74.68609036975668,57.99860194519484,81.85219440622447,58.42100598857481,62.80810236376065,71.52603850533168,50.39042304163409,44.72498461505826
30-day-squat-challenge-lead-1588712943.png,squat_bottom,19.010050744978994,20.79138969494653,56.209137460181054,19.506178228509476,70.05204676441033,29.26183131231512,47.06351322590236,24.056194970384453,46.14848628377941,75.97781848276905,95.27075851311868,82.46991366126672,46.14848628377941,75.97781848276905,35.433691605467565,61.145068470400986,15.689389891462437,70.29310323627286,35.21792231545195,40.448503448496645
76076384.webp,squat_bottom,81.67221303799647,5.982255981222673,69.2501834814412,19.157209022831157,57.94189920215741,50.117783619797706,66.1244298994429,51.3174828158016,110.52450613322847,115.82605239896094,82.0633236487334,83.76249393687945,110.52450613322847,115.82605239896094,73.04434217221225,43.294054831555094,42.129902090846954,48.48566092282062,71.86567602391092,78.08753529350119
EVO-2020-PP-APRIL-Banner_22.webp,squat_bottom,40.20887153096349,5.170943533983191,38.432533362745545,14.852720956206314,47.55305040914421,32.37578603410366,50.40494410591181,41.18523128464588,69.1864122208738,77.36987699345043,77.44517951458468,82.11835199822931,69.1864122208738,77.36987699345043,55.83840539710972,44.08658050258828,40.146738676922155,36.5999610847808,46.626712464424365,51.53021240252819
Full-Squat-Exercise-1280x720.webp,squat_bottom,25.038870100336034,5.188165002510333,27.623684936173653,10.44401043025834,25.49089970716695,23.161509763071628,25.286248192989476,30.85765872797055,53.1895937161227,60.56532155355908,60.82295138866381,62.95671041572348,53.1895937161227,60.56532155355908,57.018116229614854,35.73256231860548,41.26590594542223,22.937158521842523,24.738674269321784,28.73115599230127
floor-tap-squat-1.webp,squat_bottom,27.916901580274008,16.35782646859434,32.590669525602884,15.116415990329672,44.74101303560201,20.104540972313455,38.02228117435844,16.197635855042297,53.350980811076376,57.90337546615726,79.02783243674709,72.89416737244584,53.350980811076376,57.90337546615726,35.73120615382322,43.38619721526678,6.466551101670716,43.38482115783346,20.447126491391874,25.10318097430634
how-to-squats-1-3d97915d64534c419262227f56174727.jpg,squat_bottom,70.50100794135258,25.722817954466837,16.779404169105636,26.39215896468443,41.964346905692295,29.761166141551367,73.58880682870375,32.57048657562219,78.55293396475372,40.537565666210924,79.65119475208769,98.72396858996792,78.55293396475372,40.537565666210924,27.78678919472189,61.998842303123446,35.257449904746494,82.05635358683291,37.50988585504784,31.604155107966832
image-sporty-athletic-woman-sneakers-260nw-1019200021.webp,squat_bottom,72.10641266995601,17.16139353738351,31.493791533811354,20.7355704964902,48.24253302153619,36.93575858137332,71.41765908064954,44.68139550423218,95.16787045057866,74.08740564828598,76.32342575089667,86.38826151040838,95.16787045057866,74.08740564828598,49.86649062944408,62.905597255347864,3.5216850852681545,70.96365767271878,56.17314914848912,55.85832858645738
images.jpg,squat_bottom,33.891072288181746,8.123601276397352,36.412299124422255,14.556318086892672,35.96871135588159,39.843878670589234,46.37554001292739,47.4362259266195,72.04090801461085,89.23639136743407,72.50689747548917,80.40370834546502,72.04090801461085,89.23639136743407,79.38505008866095,52.100460463566264,56.75708444398499,52.21025872555352,37.27508817950874,53.35768029768424
images1.jpg,squat_bottom,29.352228765262456,20.02309772533297,38.40725669022094,23.400491549058756,33.548986709992576,25.8325344460446,52.05383570490915,31.552512211889955,51.82974274903015,53.682453671716594,70.92324408828947,79.4370051368804,51.82974274903015,53.682453671716594,40.09257926536168,57.13625555091468,11.315047898397973,61.24038028834355,22.862137573877185,17.781305216456687
maxresdefault.jpg,squat_bottom,22.639513385362804,12.603206128704892,72.8277338998192,15.458121983310276,75.53299484150854,37.855585926192056,52.36841059787092,31.85062031347095,53.12962371256563,86.12531082548797,99.72590049072053,86.6662589037683,53.12962371256563,86.12531082548797,33.24975984410225,55.6080167040264,16.83535709890698,64.66408758431392,46.2630562367847,51.79597206552626
squat-AdobeStock_126675411-0f81d18662564309945eeb66f63db4e2.jpg,squat_bottom,30.298226298748922,22.449909185917946,78.4416347848864,20.44952676301511,83.26029092198996,41.2969312220038,49.707436499252694,31.13641437945036,82.17182509589752,120.79595881193052,93.0667511909665,85.1404318180168,82.17182509589752,120.79595881193052,48.2409621843534,79.61111644892397,10.634498414032771,93.42239731278335,69.57892998414813,65.83426005103001
squats_woman_exercise.webp,squat_bottom,55.76042792105162,9.213497960436122,47.648771874656404,16.051243492136855,46.50705211202135,34.656583670628365,33.44416455134354,21.9220600674744,104.70726708256187,81.40303752809851,62.92143872960095,58.251593283073774,104.70726708256187,81.40303752809851,103.10974426028437,86.14033911028056,82.7221407989597,87.7610781719514,65.141474507013,46.04264079262875
young-woman-exercising-outdoors-royalty-free-image-649970260-1560430799.jpg,squat_bottom,144.65672320742348,7.165010082644911,107.45352649768273,22.837349760238737,61.297488290664084,56.784289126494684,92.87105629680549,64.99514061787546,173.7966299059884,155.17869667959778,76.62043404363232,88.09954498644477,173.7966299059884,155.17869667959778,61.46863676957119,69.16792338857105,13.424247229300768,76.3184870323235,110.00191728891569,117.08162588890947
1-Start-squat-position.webp,squat_top,40.221274548271865,12.66946466566537,40.9885769011086,11.98982028879491,58.2583975772374,4.874563548778434,58.04114120761515,6.734682673399168,25.5526792221904,26.196366175591116,101.81723868911195,100.67366302667324,25.5526792221904,26.196366175591116,53.198921757320434,28.522771434010107,49.814155948110105,36.2568284549004,29.5416461778923,29.22894902699975
135-1.jpg,squat_top,45.40165041097163,10.887970034618347,41.61930112349855,18.137872292596057,65.70820886168802,7.6254181801828125,62.3864930389646,7.95584826636214,53.59094686066043,7.801790637239983,122.56970754713414,98.55318322675531,53.59094686066043,7.801790637239983,161.02553351765522,77.52661733987709,132.52596604158086,78.1464264494632,37.239919179344724,32.564485722057036
41628_7807b23d943b401f90309c2632281a1c_1653409140.jpeg,squat_top,55.272604342262184,18.147770935258205,50.63251708342387,20.098574475966196,65.09254311143884,3.40068053621362,64.49229856406592,2.7666830580837005,61.269406470032976,45.99279434551622,98.19442749413165,110.13689422194909,61.269406470032976,45.99279434551622,39.72090390003919,42.86391060346194,40.89632335823269,47.71484658662571,12.040718504105715,32.303801157368454
4812.jpg,squat_top,40.40045696494213,14.529997062588222,43.4743678110703,7.1919959704191365,59.237983982322156,8.35626913773342,61.95628470504847,10.099164459972618,13.830024191988663,23.293616108123903,98.4886374697706,104.50696693522488,13.830024191988663,23.293616108123903,38.09467724113969,22.7994150994377,35.614143333693185,25.462958899046257,29.740041711505445,31.827669597155193
Air-Squat-Startposition-scaled-1.jpg,squat_top,42.378251799280356,10.858846139521559,40.84028507487669,12.274628574367457,63.29295822706084,9.448338746232393,61.51248166639366,10.993357411477506,42.26842619063,36.39640703120227,107.76817180898766,104.58012177411106,42.26842619063,36.39640703120227,26.519801648567473,16.720801554083845,28.776066291561293,20.93220056059626,25.517371555162008,25.05178009321219
BW-Squat-Start-Side-View.jpg,squat_top,41.978097758410975,11.06540651816323,38.09137383933687,21.435877365879456,80.54197252219454,3.0807876489316723,103.0772472012929,8.143860295469544,62.9748453468448,17.324531338311107,157.63882691787643,134.53000797827798,62.9748453468448,17.324531338311107,168.48558476817854,98.27674454956625,131.96095991365127,121.65242310117148,30.73673816377404,43.89268280726869
IMG_4638.jpg,squat_top,60.94422757413814,21.70790594210247,63.574483042533245,15.678872110858984,106.46047021409744,4.2629119214923055,77.19585314977178,3.1749515071416634,70.85468147980808,99.41454730465642,135.70616904645075,137.37812758754228,70.85468147980808,99.41454730465642,154.32073956822904,98.89832017153131,120.9843466416826,122.73666003089991,43.91683405313391,33.134800465972404
images.jpg,squat_top,67.43948902056357,8.729108486785098,39.98200719144377,29.725227853583892,69.31670373424127,17.24840317580059,102.19053823088714,15.61827885600201,67.61986213390453,16.85781247955661,107.59743840681222,116.82088003912622,67.61986213390453,16.85781247955661,138.44144161193051,119.37118798877765,138.70542188714597,172.58012216914776,55.73720051726553,52.98877335977264
