10 MIN SQUAT WORKOUT  Extremes Beine & Po Workout für Zuhause! (Paulina Wallner)_1_Down.png,squat_bottom,35.789833950978576,23.78025824931931,49.5562177422604,28.84671303878273,39.633680513510086,102.04014014200129,40.358277695583396,83.99705861760364,76.5661737034761,96.31182246787226,84.5572609738378,84.85560603260014,76.5661737034761,96.31182246787226,65.81079103868605,68.09188462656594,20.081253310446044,37.50388204144447,44.12381501069678,55.02306076240064
10 MIN SQUAT WORKOUT  Extremes Beine & Po Workout für Zuhause! (Paulina Wallner)_2_Downwa.png,squat_bottom,54.97075551908762,20.576015308782075,47.52830711501093,25.08767360098571,46.7936959219207,92.09055519282374,47.422054204009825,77.65259723646685,84.97854616156978,80.16477743495257,70.84012463255218,68.65916410510016,84.97854616156978,80.16477743495257,51.59344403769566,62.12491440176236,12.269514381013419,41.72413902286828,57.84140002347396,56.7952137796324
10 MIN SQUAT WORKOUT  Extremes Beine & Po Workout für Zuhause! (Paulina Wallner)_3_Down.png,squat_bottom,71.61563061905,26.181421486160307,42.64512132499138,16.771368267900876,30.832184593383303,34.98315191769123,40.310082091387265,30.974685212244065,70.31301342275216,64.60410945643694,70.65302091604251,62.15836670719547,70.31301342275216,64.60410945643694,53.55363263335375,86.96661525651527,33.33799630793874,66.39048969290526,43.816164701234364,26.48976699725956
10 MIN SQUAT WORKOUT  Extremes Beine & Po Workout für Zuhause! (Paulina Wallner)_4_Down.png,squat_bottom,74.70674294901511,25.16818451962972,33.302679309775755,17.372437662669228,39.068028578103934,31.737832269467507,70.80983121940012,26.94003502097632,73.6359217716587,58.355435347694716,79.42901779374571,89.38016473208685,73.6359217716587,58.355435347694716,52.130426465374,93.77792686680729,30.282981130590173,87.69768451620176,48.467789462045076,30.213873980598525
Body Weight Exercises - Squat (HFSsportsTV)_1_Down.png,squat_bottom,38.535090028291755,11.675733728026975,41.53329996134907,14.360683941535678,37.48752140712719,21.93678166317817,45.520356857638525,38.59984441181642,66.59587013004297,71.0197224418742,56.0671136456646,75.36205454949487,66.59587013004297,71.0197224418742,85.49695441394056,69.80457845807032,54.32393583028874,36.336584858106754,40.27520391207226,43.34674861616542
Body Weight Exercises - Squat (HFSsportsTV)_2_Down.png,squat_bottom,40.82138189041813,10.660219061042579,43.84686738008501,10.676410563255079,59.58356657138789,16.958742234283985,52.981953659924805,28.536247544763846,71.28561250407105,79.41287116777916,83.0822706170592,90.77614172801857,71.28561250407105,79.41287116777916,80.10888112682318,63.29601441823603,58.2223555218568,51.902968480296316,43.48979087840462,42.64695109205016
Body Weight Exercises - Squat (HFSsportsTV)_3_Down.png,squat_bottom,39.116304114553515,12.94040996957583,44.63441683509728,14.809895913502764,61.01115358184202,20.89497670064722,52.36932544754835,29.97835636140202,66.51990836099036,69.83210262739975,75.10303319248032,82.92451840089005,66.51990836099036,69.83210262739975,84.5904934417534,76.117561723,46.68122580660448,59.26982533000314,46.37085536786718,46.57911340439249
Body Weight Exercises - Squat (HFSsportsTV)_4_Down.png,squat_bottom,40.64182041667246,12.266044866621746,43.41955400862452,10.750301880799011,60.27992500614149,20.223476964276994,55.80226770256321,33.66190969424666,71.40472780319794,78.1005039242048,81.8962661487475,92.78771089867959,71.40472780319794,78.1005039242048,86.25252555411315,71.2161119068743,62.57658493244359,52.08237988939008,44.31139844391907,42.70192399681405
Body Weight Exercises - Squat (HFSsportsTV)_5_Down.png,squat_bottom,36.956466769326454,14.459923541647184,40.77764541000882,11.10900126062015,62.30672168086414,18.86940161120377,55.36453285990284,32.831304093218606,67.77975410196719,80.44206470250435,87.79897601171439,100.01096891987346,67.77975410196719,80.44206470250435,102.95305410345455,77.37225219820797,80.43555856081456,61.18452619536904,42.49571109312058,39.71882472583981
Body Weight Squat (GC)_1_Down.png,squat_bottom,198.74658259105007,13.791138377044739,191.35690427873672,16.182326041337905,82.59826237891919,105.2914188451543,77.45861607143031,103.05906509461956,209.28159367309857,199.25647128245646,100.38478143464157,98.67928976839603,209.28159367309857,199.25647128245646,50.14579504798439,74.58959475027599,47.322965612985776,55.34096048630159,140.5520638073475,131.8685411194608
Body Weight Squat (GC)_2_Down.png,squat_bottom,163.0701793105918,14.952761803971386,155.46253993754797,18.377563189411074,85.9993165411198,67.27999760032577,92.35263716919985,74.60068012731472,141.53505254296948,134.91977154715224,121.52394661187718,127.115510871116,141.53505254296948,134.91977154715224,48.79163714926324,76.68510554604481,42.05224515997253,57.299815289204865,110.97130662546051,110.71774707997426
Body Weight Squat (GC)_3_Down.png,squat_bottom,39.26597353596325,7.94292862149917,42.703515830111385,15.587666905434395,28.19928591851088,24.158504721102272,30.19312166498719,33.74241533503457,67.24868131246996,72.86473054201343,50.590822132939124,61.16919744053332,67.24868131246996,72.86473054201343,89.34267129691663,69.00061537812523,64.57742732610426,56.18311065614468,39.69361935190271,43.05100180356228
Body Weight Squat (GC)_4_Down.png,squat_bottom,39.411643760926104,10.523706996924373,44.96543137378622,16.559147880654432,26.866560185955073,25.619265529832926,28.109644976307294,37.118606771188425,66.20380006300113,75.77945143765339,50.92464456033161,60.56062588603091,66.20380006300113,75.77945143765339,103.04492882198744,76.69502066289913,75.69862598299585,62.23114175919477,38.30704245048609,44.101920111088596
Body Weight Squat (GC)_5_Down.png,squat_bottom,185.57347274482186,16.074000864802183,174.0352653649046,19.141489816616303,106.48126223959555,82.96758848388929,105.02494498809452,92.0820110239471,158.92842938153723,147.96961420159667,146.1291035737288,144.62680883859633,158.92842938153723,147.96961420159667,52.78416355605693,80.40057102899154,47.638199113646074,58.274590109381826,129.6186279776984,123.42742818264436
Bowflex® How-To  Squats for Beginners (Bowflex)_1_Down.png,squat_bottom,123.28870685492653,9.588643977946964,124.6871157690878,17.537995305327684,55.638239244640204,75.09306509452635,70.28766477073216,72.42435674738111,166.5955374843331,186.37572931928315,83.07185802432731,88.72584677636284,166.5955374843331,186.37572931928315,98.4565213047322,60.05371401735542,76.51982710860467,71.76354737527099,97.1751593834489,115.0474383122871
Bowflex® How-To  Squats for Beginners (Bowflex)_2_Down.png,squat_bottom,54.520116337505236,5.8966885888427845,50.85665768643994,18.891290551961852,37.66241068767634,45.43539976337214,50.083826904303976,59.79695182530038,99.15498250148616,111.90795919473118,68.17481611219115,80.18288885131376,99.15498250148616,111.90795919473118,89.59773912400605,66.25679368695195,63.64816153503631,62.2290483716386,55.98060996036783,67.56813420562153
Bowflex® How-To  Squats for Beginners (Bowflex)_3_Down.png,squat_bottom,42.63058690560733,6.983558731561802,45.71394135722881,16.137108443520674,40.39860013562064,39.622041878754835,63.88139485864249,51.65201266935459,86.26770103776578,101.64673945308856,73.18611670016716,76.2519176838009,86.26770103776578,101.64673945308856,89.55212140962703,79.81254973165302,67.24432450562678,89.26347184441148,48.53000960023011,70.19560481235766
Bowflex® How-To  Squats for Beginners (Bowflex)_4_Down.png,squat_bottom,74.32634905273996,4.499105562781535,109.56916866229253,15.440493774233442,42.77405274524536,65.08796421957284,65.7330035701578,81.13883621406899,128.23974759813797,177.1400211220134,73.27040720174351,77.37284269917944,128.23974759813797,177.1400211220134,106.01927566209972,81.7120534007402,110.73069139403532,80.53217225546945,74.02394596287085,112.59669417637637
Bowflex® How-To  Squats for Beginners (Bowflex)_5_Down.png,squat_bottom,123.25613893173683,8.759242096496079,169.93774198876093,6.638509808818502,54.309775338988345,91.81493305654604,58.92854701796955,89.50899937777248,159.69795043875524,217.61246622275905,74.71167221622636,80.85451884084581,159.69795043875524,217.61246622275905,102.82708717297302,57.641790888113114,119.03743445997223,57.96410530915569,98.01923222033832,127.70642339689849
Do Your Squats! (K boges)_1_Down.png,squat_bottom,88.93099164868129,24.93947986023088,90.76467490069379,10.000678607105932,56.611473189358584,43.62728361465193,82.82442257845987,38.559845643389096,82.69927840845897,102.60097091235048,87.35448108443327,93.1579727986373,82.69927840845897,102.60097091235048,103.30655014023749,91.1131080871948,77.67558559976626,90.31800395589627,65.9749368967674,88.69125395913599
Do Your Squats! (K boges)_2_Down.png,squat_bottom,85.55275672785876,24.740415901580345,84.117090246383,11.51293491237625,68.50720262882595,36.92259546519985,75.22217155331838,33.54497679453536,75.50823835612154,84.9722516778349,98.71491245849586,94.25764571247501,75.50823835612154,84.9722516778349,94.5161244341572,71.20486742740812,71.61573707513327,62.461272971707395,68.80748386967304,77.24493525448467
Do Your Squats! (K boges)_3_Down.png,squat_bottom,93.54878228685489,24.451253998473106,94.04874226804947,11.039015692349265,55.26090383085202,39.13711535505341,86.54784615356546,33.2747758751151,87.99895413357672,101.13931090553773,84.4766095398044,98.18426346955819,87.99895413357672,101.13931090553773,85.79986124526289,76.94964794424439,67.95200541445035,80.38874978046198,68.42103780545207,91.2568695470489
Do Your Squats! (K boges)_4_Down.png,squat_bottom,115.19747023815226,33.290911833878994,87.5992578332351,11.193258459102843,35.21651302152555,42.59449190740557,49.67614738381878,43.71436531179106,106.85409250397944,88.4567272722971,71.38380732426685,73.75215359989697,106.85409250397944,88.4567272722971,89.98016885149818,70.2297157311834,58.05909064104838,55.09447755955977,66.43682352826507,61.365619441745864
Do Your Squats! (K boges)_5_Down.png,squat_bottom,74.99957038281251,20.364598579913537,94.39464728665934,12.864304607497099,54.9888755625178,44.68945088180664,71.81661232406337,40.74398733726887,70.84917515265273,100.03851004587123,85.22974901169225,84.56301018971948,70.84917515265273,100.03851004587123,100.43945437418755,73.64206019780278,100.11324876893416,68.12628383142737,59.19007159398396,83.92487154309345
Exercise Library Squats (DAREBEE)_1_Down.png,squat_bottom,58.08946779213064,9.520394961783785,41.03316691944542,17.961901941092247,64.81243240801771,61.32769480734603,75.54157546137891,31.635221741675235,140.03506433741705,97.96142161672027,77.70044837814807,134.31392044679703,140.03506433741705,97.96142161672027,120.91431309230853,151.71120376224263,106.54365714230025,173.37682086592665,91.76449023649042,40.10525827980741
Exercise Library Squats (DAREBEE)_2_Down.png,squat_bottom,57.64323024125998,9.712630722788068,44.42220777555371,18.500466798094624,76.22005062957275,70.45446590117487,46.90785365015102,38.43303351406599,136.0266964469535,98.48975722154894,68.72487077982406,98.90136619317062,136.0266964469535,98.48975722154894,118.10783993448274,146.33361479739673,97.5973434562522,156.49108061839308,96.9701503903689,43.36516571397935
Exercise Library Squats (DAREBEE)_3_Down.png,squat_bottom,60.862225059205066,10.46169740078496,48.339429724684486,19.217468525530094,67.04484938524799,85.50410779608092,35.06882827197337,39.653259685775204,142.38263280062372,103.81836108985807,62.93393634996016,87.73428913439824,142.38263280062372,103.81836108985807,115.79812327810116,147.2823399745309,93.47837024194986,133.0552446417511,97.59338384476366,47.988243451945536
Exercise Library Squats (DAREBEE)_4_Down.png,squat_bottom,53.43042424625168,8.965668064099278,43.83894738036709,20.147907272942913,61.276208589196315,71.53801002665857,53.08425616950996,34.18533145686313,125.53459580070725,92.52754072925067,69.33443491776164,98.25841582437907,125.53459580070725,92.52754072925067,122.44580078455213,150.35566590950907,98.38391421403917,151.29250413141838,83.77618088777285,42.76134699933523
Exercise Library Squats (DAREBEE)_5_Down.png,squat_bottom,65.87254460121335,9.43606255728897,47.839949823179246,20.063624977072855,88.71763039980237,82.0048159779676,50.782671188166894,42.27873026127352,155.3108527947507,107.65757044985735,64.5193032271656,107.93413983925461,155.3108527947507,107.65757044985735,128.92159936492297,164.5308319241458,111.32281749326988,177.28681120733165,114.66185983549937,47.776728705786724
Exercise Tutorial - Squat (XHIT Daily)_1_Down.png,squat_bottom,28.244042423675452,17.431736287238085,62.43285878025424,12.648321535747343,43.01922572681336,34.53595604508336,40.958225609495365,30.29752963002314,61.2552933553687,77.38050656376213,74.57133931873376,69.67389523123948,61.2552933553687,77.38050656376213,51.26988848385692,42.49431414063167,8.492636701168262,30.35079418927486,36.15225548431108,48.13710542603111
Exercise Tutorial - Squat (XHIT Daily)_2_Down.png,squat_bottom,43.40535880559557,19.20657355295663,33.92244993628725,9.043448780086429,43.88398340767423,24.389010250056998,34.347618060936455,21.586833588916594,61.612277326178344,56.3323019005946,68.68711705851891,62.02115706054235,61.612277326178344,56.3323019005946,74.28806139966825,65.52386039789431,45.2479167043717,66.86087997135822,32.83405777560423,32.64176564940323
Exercise Tutorial - Squat (XHIT Daily)_3_Down.png,squat_bottom,53.62240592392662,23.425033709436022,23.720241806393428,12.137114857210106,40.53287202281018,25.040038931025503,39.834307541049206,21.10194966100076,66.21730183036293,52.1936651179477,66.46150768502694,62.87156726884983,66.21730183036293,52.1936651179477,60.737714427810445,67.7517481586876,19.862883940877964,79.31409694079743,33.73066276564754,34.53872351283438
Exercise Tutorial - Squat (XHIT Daily)_4_Down.png,squat_bottom,41.921274424983096,18.283710054138716,122.77463702249295,21.876087750177565,107.79709295492069,58.652287808578336,63.51947342626531,45.18004093510135,72.44104809250149,130.02718924914186,116.40250875300833,89.53760250394484,72.44104809250149,130.02718924914186,53.646958602879714,95.12904080886648,26.482585284481754,105.0882011789764,76.5919138389059,86.50337146739713
Exercise Tutorial - Squat (XHIT Daily)_5_Down.png,squat_bottom,34.220643584576095,23.05620296525945,128.35186408830893,22.84989830134513,105.7370010302319,63.866099150930175,67.44534891668631,53.524471207931256,66.08325426623361,133.58561288485294,113.40136655461073,92.2098775458923,66.08325426623361,133.58561288485294,55.43600134478484,91.4196355422517,39.299825158851554,100.71299832180104,70.96256020689452,91.50607183790167
How To Do Body Weight Squats (Eat Run Lift)_1_Down.png,squat_bottom,69.97946683080971,30.298811317045114,41.31196562914886,18.939371279998714,81.3122292889097,54.137684612731896,48.5944593537119,32.31983410985135,67.33197019568176,77.26039117533229,64.11937044632363,54.72620481125006,67.33197019568176,77.26039117533229,70.74533030488,109.61631543831194,14.852816751680763,100.81954743682238,48.380537306937285,56.262961790756144
How To Do Body Weight Squats (Eat Run Lift)_2_Down.png,squat_bottom,56.9649612316031,28.83816467240145,41.849253836197384,18.076188267800564,86.70060656740954,41.32719286967314,46.25102305525847,28.464125871974414,64.31629265548642,79.79368756556119,66.57401823328685,51.394390768635844,64.31629265548642,79.79368756556119,64.02498466760495,103.89504299311973,9.50335043433935,108.26183709327341,53.82903510806473,56.651915274123425
How To Do Body Weight Squats (Eat Run Lift)_3_Down.png,squat_bottom,50.38316321415662,9.804793301616499,47.812791358047704,15.140087695102764,66.73111527559654,66.88254752095493,34.9896340086629,38.02048574981601,117.90273301708272,96.38628682856204,66.56097477964524,71.0691775953473,117.90273301708272,96.38628682856204,103.04593621101439,114.44667264922309,79.94909129463234,107.86865529801833,85.1183996492693,53.10946285413875
How To Do Body Weight Squats (Eat Run Lift)_4_Down.png,squat_bottom,61.72525351253992,29.395389078895374,12.362518639120314,20.033271909202035,80.02720346418225,41.29262503809374,48.28187643187848,28.741741006707024,64.40940893970051,57.701360909627944,71.49767921209262,59.54778253243639,64.40940893970051,57.701360909627944,68.95945850797867,95.04011473902291,14.609886285593667,96.64282827272986,46.12163083031985,41.912199849252026
How To Do Body Weight Squats (Eat Run Lift)_5_Down.png,squat_bottom,66.84617259066499,30.38805208478949,68.03759986960839,17.87518234547438,95.65956442386099,40.15726031480425,40.200778745309485,26.141391335510335,66.70413430763547,95.43350271003925,76.81504330791059,51.90973185409349,66.70413430763547,95.43350271003925,53.20354710670565,120.68240915981052,43.31039837032613,131.84219211187997,50.44331792615696,59.764879600912266
How to Body weight squat (The Movement Collective)_1_Down.png,squat_bottom,54.703820769667374,20.252266729303404,33.76478640547174,15.755891499566133,28.055795958194647,30.06784110780756,64.08149000395447,26.234454403004086,68.32365507242338,62.10553140995306,63.41449530629666,73.30179484346765,68.32365507242338,62.10553140995306,85.82659615359924,103.84978492562499,26.857530554541047,117.28950872740572,36.7439853526694,41.73307543384882
How to Body weight squat (The Movement Collective)_2_Down.png,squat_bottom,36.0652004094941,10.60676522279047,35.23309921886318,10.613628837206832,40.91191607166272,29.23329838273943,39.84784703302894,21.410800641552107,69.9752294583709,63.16992346129871,75.12418989766456,58.71121971806914,69.9752294583709,63.16992346129871,83.95251595913213,56.672986533742694,62.30728965857073,43.73154933981977,37.28089511170861,38.345249317337654
How to Body weight squat (The Movement Collective)_3_Down.png,squat_bottom,38.265375274796085,10.12760768865465,36.86017876561767,10.572696321656586,32.11996265442141,32.04256095265665,33.98225965975344,23.013146439895383,72.23644990587867,64.67138783960587,65.776759029192,51.41349872905109,72.23644990587867,64.67138783960587,82.06840018635882,62.692373637054516,60.52751137389178,47.22063909287698,38.32410400216003,38.4907554992178
How to Body weight squat (The Movement Collective)_4_Down.png,squat_bottom,36.58220920696625,13.966162488691424,35.492044913918114,12.387427254852906,42.53784813494782,33.516556630565375,40.02952070641264,24.53605611722379,73.57768471540051,69.25423995645428,67.54383304107391,48.11841382743733,73.57768471540051,69.25423995645428,94.31961060815063,66.66046510451581,67.53646475139786,42.904903748942694,41.36395027259822,44.19561435122246
How to Body weight squat (The Movement Collective)_5_Down.png,squat_bottom,38.332709441319224,11.881218004484706,34.51295711255678,12.626259692522222,43.26798946892996,30.28201409842353,40.32485798433864,23.262882145723033,75.38020886067801,67.65312670578068,74.83774267440052,54.290464563320164,75.38020886067801,67.65312670578068,93.11465076997395,57.35996019257561,70.4288631936686,42.83784868672557,39.6403410289509,41.79877412138689
Squats  Shilpa Shetty Kundra  Fitness  The Art Of Strengthening (Shilpa Shetty Kundra)_1_Down.png,squat_bottom,45.486314763936164,8.371098978382214,41.08738370388795,12.910137881262374,68.10960126809012,27.71326122348803,77.56730801187864,27.2562339856046,100.89585765206186,76.21346753376365,130.047471327985,115.80314068334806,100.89585765206186,76.21346753376365,104.56666266827274,61.14614144912462,88.26968134204805,68.13221857881851,35.75622053908939,38.22370216140797
Squats  Shilpa Shetty Kundra  Fitness  The Art Of Strengthening (Shilpa Shetty Kundra)_2_Down.png,squat_bottom,44.38301508868721,7.186674270057565,41.532109588443184,11.563585920627663,33.95922502924294,27.1908709959281,42.712942870627444,21.943563473081838,83.90950397694836,70.44026308133006,70.78496079983941,68.7780333458584,83.90950397694836,70.44026308133006,88.24809545827499,70.03379378140507,73.42156042727014,74.74573509433654,43.82177625877685,38.16638509867134
Squats  Shilpa Shetty Kundra  Fitness  The Art Of Strengthening (Shilpa Shetty Kundra)_3_Down.png,squat_bottom,48.04335826159165,8.139805423733502,44.22756405573047,14.04743341702525,55.420141671126466,29.122616306913617,61.697207325447906,25.394730440768594,98.82651629423215,76.97129365769801,111.66076341099411,95.12165087489878,98.82651629423215,76.97129365769801,104.41000557764498,62.45410966182709,87.94504187176689,64.64600250774569,40.70095124051642,40.97393675582417
Squats  Shilpa Shetty Kundra  Fitness  The Art Of Strengthening (Shilpa Shetty Kundra)_4_Down.png,squat_bottom,22.69776286156678,11.942229450339962,70.63127913604274,10.544349678311855,83.23698316508016,20.533083676863793,94.41069335202678,14.78770435159218,59.21310565344029,88.2778691560039,102.56370609768716,102.1358995542961,59.21310565344029,88.2778691560039,71.01207764861984,42.28464002626406,90.67617169176633,46.61087557975578,50.97170665835069,87.4733554420823
Squats  Shilpa Shetty Kundra  Fitness  The Art Of Strengthening (Shilpa Shetty Kundra)_5_Down.png,squat_bottom,41.09380423524924,7.125619807976116,36.76940362603365,11.242042019928077,31.21413246168547,31.79792674497816,43.24280127370473,20.608486708819115,77.84353400729786,63.27845285008356,70.7231639464521,65.49072455800658,77.84353400729786,63.27845285008356,85.51339821273206,77.87351892843779,71.58413877505713,69.99382891987138,37.952378752159206,35.97885185153289
10 MIN SQUAT WORKOUT  Extremes Beine & Po Workout für Zuhause! (Paulina Wallner)_1_Up.png,squat_top,150.17005620659992,30.90658901042006,165.03809827553388,28.207368804684442,77.85513750615821,30.581043734486087,78.53583213887505,23.816355414993303,178.04808495104413,192.29725015338772,123.711583721468,123.2724040645218,178.04808495104413,192.29725015338772,67.38717299275397,33.65113753956905,15.385302718641494,35.55889176642023,61.964574417884165,68.8887505833663
10 MIN SQUAT WORKOUT  Extremes Beine & Po Workout für Zuhause! (Paulina Wallner)_2_Up.png,squat_top,128.15825857067443,19.269792758846545,136.98845458415727,20.093919190149098,74.71271341202805,27.560255903482794,72.11809560243051,22.95107093982602,146.7312716517066,152.93305682291188,116.71876105686057,112.6594467113732,146.7312716517066,152.93305682291188,59.31308268688531,29.00609997531902,13.999122191666562,31.86958098549032,51.45899321850546,57.63732039994048
10 MIN SQUAT WORKOUT  Extremes Beine & Po Workout für Zuhause! (Paulina Wallner)_3_Up.png,squat_top,97.32853524988519,42.0966597918593,52.14360236550044,16.195296704220493,61.2273436589081,8.886283291983569,79.55268634999976,8.626273586901556,76.03546405307719,69.17901020660652,114.5420087532991,108.57338177062388,76.03546405307719,69.17901020660652,154.05827553363827,100.10633480448097,82.70656246920986,132.0749651855391,40.99858040512112,55.764416555850914
10 MIN SQUAT WORKOUT  Extremes Beine & Po Workout für Zuhause! (Paulina Wallner)_4_Up.png,squat_top,42.34867693158842,31.224026892863638,35.77324883412864,12.72895021960066,60.78163490025206,4.408869100902118,62.48171606422571,5.823172305914122,53.772256760354544,55.42400360391923,109.37966423421335,94.86717076512846,53.772256760354544,55.42400360391923,144.19025737391684,71.0624635992645,100.81954377462246,92.0186263231117,20.811402836484252,34.51806692073303
Body Weight Exercises - Squat (HFSsportsTV)_1_Up.png,squat_top,41.649643099120745,16.731072007265215,44.17816396381619,10.62807669633686,106.12666526403257,6.581943599606858,102.18848052995439,6.554052856151554,27.213259991727817,60.20242276517056,142.322528780108,171.60455813013775,27.213259991727817,60.20242276517056,132.14554040994247,73.39255582894141,102.04102322351801,77.94080423011583,41.649437601964976,32.39091893608066
Body Weight Exercises - Squat (HFSsportsTV)_2_Up.png,squat_top,38.32963059527018,17.24535552415811,45.693338927956525,8.093051696447258,107.94420135747835,11.58627716558906,101.69954363407199,9.449314629095124,7.724664005902904,83.60259042820022,138.3979388863031,177.01220481459342,7.724664005902904,83.60259042820022,183.79358813236317,93.51258617128113,169.937896486687,101.36278454788506,50.79267669145752,27.782981236421588
Body Weight Exercises - Squat (HFSsportsTV)_3_Up.png,squat_top,41.44057015315872,16.70385787614846,45.98012249710743,15.805088400023807,95.83090642239833,8.594105793621722,67.33646794043116,10.690335519145135,26.315518812713158,26.094006247653535,125.46371794157501,129.95174450743804,26.315518812713158,26.094006247653535,140.73717896035603,105.94575538633781,85.29069581005527,130.00581572271258,37.23002743943063,28.422708637834866
Body Weight Exercises - Squat (HFSsportsTV)_4_Up.png,squat_top,40.07817919513504,14.275751866896467,42.48113753534992,10.89204253578783,115.62592212294427,8.492931781171706,81.40444272747474,3.140730097381454,28.324112188966154,50.93613956165708,143.6250732860021,148.9839707047374,28.324112188966154,50.93613956165708,140.16336152009418,98.65548259209307,103.54723645603283,127.00442427662084,44.28981448831568,28.764407462361028
Body Weight Exercises - Squat (HFSsportsTV)_5_Up.png,squat_top,37.669276373514506,14.049296824212604,41.455431278698434,9.13006531766005,120.90153402245487,5.512925777169089,70.06520349690462,1.114348709644201,24.10238435209968,53.2687428641722,147.4823713327683,130.1753266462983,24.10238435209968,53.2687428641722,129.61809739227283,104.59248087508763,102.97799798406807,145.98584048235173,49.10015650847313,30.623125154855206
Body Weight Squat (GC)_1_Up.png,squat_top,42.80026957956928,21.980895198088596,43.369381426811124,22.206686168156388,67.18201960601472,20.12069194545206,67.19385737759863,19.817142315942405,58.46835514748517,62.385888604275394,123.73151237262313,125.10387362053804,58.46835514748517,62.385888604275394,57.07174970422088,33.40617380569006,66.42522046528401,47.55797690773143,35.30609248537235,34.43361515026802
Body Weight Squat (GC)_2_Up.png,squat_top,42.524567538362696,19.22992696637972,42.125148497170585,18.7862521664809,62.62389853805809,17.752759095321014,68.61766348428647,17.22876118604736,52.35019066354201,54.71471587393604,117.72112137779794,126.50669075798884,52.35019066354201,54.71471587393604,45.28950315451019,29.684731573602637,52.57101732484828,42.04717786139441,35.486954912363984,33.302427594691125
Body Weight Squat (GC)_3_Up.png,squat_top,41.03360686865575,15.46122799087696,43.98965384847345,13.214217965818866,63.94328193151361,9.829104576651801,69.1053014948447,4.673168293904564,9.042773326508486,38.826188185091375,100.39209432832058,122.06859789776185,9.042773326508486,38.826188185091375,143.93660561520483,70.71138571793098,112.00434824078681,74.85656019295446,32.51866602199514,35.21273512004186
Body Weight Squat (GC)_4_Up.png,squat_top,41.27363794508389,15.64755010567982,45.688471192021794,10.093738810737664,76.242629061348,8.013022924976964,74.73304879811272,4.709309855823911,17.952002764006085,53.788223299267585,113.62363555711052,135.9464769561209,17.952002764006085,53.788223299267585,139.61923111078755,77.9537017441805,112.01978810671469,86.7311372141345,33.95736126169849,36.00195338036709
Body Weight Squat (GC)_5_Up.png,squat_top,41.82306395112842,17.28172919152727,43.79440967809023,17.513730356892353,63.89618695601956,15.481976643047545,63.57554496604369,15.860320633569154,52.21566031544266,54.19315132569022,120.3406618298591,119.89463135256199,52.21566031544266,54.19315132569022,42.33594007776288,26.465877716325465,46.40532305174966,36.88947680523072,33.30506578391646,33.94853599253756
Bowflex® How-To  Squats for Beginners (Bowflex)_1_Up.png,squat_top,155.40197809202334,8.385709656141678,127.76503452163423,20.12999005223018,75.31959904531467,13.331799538450145,58.43772793051452,9.949114848716858,176.83492001931566,166.43836016928717,115.29917453915716,108.21507736393451,176.83492001931566,166.43836016928717,67.35542527053185,50.7381043288115,30.723493527239782,75.11122269171176,59.29409704635168,71.97222460151616
Bowflex® How-To  Squats for Beginners (Bowflex)_2_Up.png,squat_top,64.68539974502792,13.455239505782302,70.1080624889698,24.68803747062702,60.99876007745108,8.11978958410487,56.269661854417,6.853895591961372,77.76343125624048,101.65292796311238,92.71579786416214,100.93369726946062,77.76343125624048,101.65292796311238,116.92453360595017,58.045752382544215,84.04752786909735,74.26267249174421,24.3657709313677,36.08517932544889
Bowflex® How-To  Squats for Beginners (Bowflex)_3_Up.png,squat_top,43.70609006538621,15.066948182694368,60.314563841320364,20.306769583407295,64.51390544295967,6.533387024974523,55.11230078621722,5.2812533198645,63.96278678962281,89.91344617928063,94.79247220080968,99.52436709572702,63.96278678962281,89.91344617928063,119.03257616904101,63.67285444428245,94.76207446267131,86.21327267474842,28.201503647861347,35.16991454317622
Bowflex® How-To  Squats for Beginners (Bowflex)_4_Up.png,squat_top,46.94835435814824,13.139339930211467,53.383915394947884,18.338961259720353,56.35078380296368,3.363690410957872,55.84921797804002,4.269919121362842,62.177535551805036,78.75167962363993,89.29063931190228,98.96962013872731,62.177535551805036,78.75167962363993,94.89010483384709,52.486594277143446,64.19916682235076,66.44228535399469,21.357915772770017,27.39429252416435
Bowflex® How-To  Squats for Beginners (Bowflex)_5_Up.png,squat_top,121.1571897675107,11.509537462772299,134.74572805932118,21.279787542561387,61.28663595252866,12.678765093615148,59.70513817567368,13.262480362736625,130.68251261515996,171.1328046347543,97.36580033131345,108.09603484828354,130.68251261515996,171.1328046347543,118.94415431621337,56.82997182097155,98.2142462765001,65.5124886245609,47.67679809597123,72.97512568413435
Do Your Squats! (K boges)_1_Up.png,squat_top,52.05253804638903,18.78643937034127,50.01159572560316,9.787049146889505,68.92919764218254,7.024570577467571,64.31573607684504,2.4715507275372155,33.175582007423756,58.15421209622376,109.2620154900535,98.5319581220829,33.175582007423756,58.15421209622376,111.97407054361437,53.57562040683926,98.11915024600017,63.34980453002406,42.385985559714044,49.31939211365127
Do Your Squats! (K boges)_2_Up.png,squat_top,45.0644288227583,7.9769649312496576,44.948401067197,3.60769746330501,66.70802326375717,2.1311522876372506,65.80577053967357,1.138243043487859,22.250881835122485,17.68462714399524,109.34952210723156,102.5095320292306,22.250881835122485,17.68462714399524,92.44059070681638,56.79876648121944,83.76262849503178,59.1307662985192,34.92176795271303,36.25618738538467
Do Your Squats! (K boges)_3_Up.png,squat_top,42.935829319609894,9.28413200397567,44.39610089787986,3.5092455519563033,66.23534528516623,4.236205216676826,64.49962445431811,1.4003157325050433,13.960266090515388,22.126978091317778,108.45873366145658,99.5012671429249,13.960266090515388,22.126978091317778,92.28824051147097,61.51438249132559,80.87935051782043,69.41857983763163,34.303616628449106,36.49877712459022
Do Your Squats! (K boges)_4_Up.png,squat_top,43.0104264778718,7.347509277580363,45.54925947369709,3.9322562364327633,67.12518984314471,2.6331150178794265,65.33852215018523,1.460866913007667,21.71115303277074,21.85564605475372,110.48631300464642,101.74496660374685,21.71115303277074,21.85564605475372,89.92590830315805,58.16581845340068,81.80779163228803,61.03604429239692,34.075618251147695,35.85793397981039
Do Your Squats! (K boges)_5_Up.png,squat_top,44.34298606846068,11.22403931382624,44.004281290040645,6.641135491383087,64.95316702288947,1.939094834029023,64.27167728095709,2.400786375388951,16.906304694900125,18.660027415766788,108.98266728744801,100.02905469092615,16.906304694900125,18.660027415766788,97.69995652562564,61.395633504840916,78.78062852751953,64.25350170124918,33.83760195162773,35.14355555717618
Exercise Library Squats (DAREBEE)_1_Up.png,squat_top,48.357583309328945,19.83410272436319,29.351040815384586,23.915732753958128,62.901844542643495,7.11031068841394,101.4547710748279,5.240744604845659,12.527501036764065,12.873957989550526,111.74386256031853,127.95699495758363,12.527501036764065,12.873957989550526,119.56192338269088,102.83147661512756,63.39120859519165,144.40720759626407,29.431978114713562,45.97472677829091
Exercise Library Squats (DAREBEE)_2_Up.png,squat_top,49.29576600605551,22.403297732967356,27.814710999052995,21.401220321287607,62.30514891012339,4.8364192859125685,95.11306095770782,4.880688635336409,11.682265045468638,14.766860653889204,106.18264915971533,116.48678203257076,11.682265045468638,14.766860653889204,117.70113804358861,98.374841906864,61.83603771889996,140.66312471402279,27.421069591128468,47.963374019148766
Exercise Library Squats (DAREBEE)_3_Up.png,squat_top,53.16455129448765,23.28732137462745,28.42597351288283,23.298179706661546,63.35278981608564,6.028972433983007,98.43640208979514,5.446211272425339,13.009858304592418,12.663244022909879,109.85853585846262,123.33859718945779,13.009858304592418,12.663244022909879,123.67819234425578,103.40640353686327,65.52986739084083,146.50254126752787,29.13201517837471,47.774655269120274
Exercise Library Squats (DAREBEE)_4_Up.png,squat_top,53.405750479303514,21.842111008514454,29.8019014830845,24.359012862601716,62.89434100881284,6.003527942061386,103.44767188032556,5.603904824920289,16.44522106353193,12.413175391169181,117.06847247125383,133.1419696464468,16.44522106353193,12.413175391169181,125.05889682081965,103.73196312886866,66.9802266654038,145.637506584294,29.26483620652538,46.694194558126185
Exercise Library Squats (DAREBEE)_5_Up.png,squat_top,47.552905486632106,22.071430047039424,28.595342396559996,23.270199415180628,63.637510849292525,5.775698919001276,99.99088562048046,5.441139090437898,12.533772610938977,12.641960104175592,109.53514425458083,122.27346224915824,12.533772610938977,12.641960104175592,122.32698911150969,101.75230143017295,66.1314846247632,144.73175388645495,29.32533163323783,48.26517308491816
Exercise Tutorial - Squat (XHIT Daily)_1_Up.png,squat_top,23.77249330381704,23.20475216220637,70.7198345616139,22.219230348536325,71.55859817852206,13.344504858837265,62.87980987640382,9.523775014086658,59.68656513840953,45.79277397594634,124.96906764691731,114.08918933948401,59.68656513840953,45.79277397594634,42.8210149895573,60.03072442896125,18.9844119837468,73.2193787011945,15.629461310692246,12.368793824718031
Exercise Tutorial - Squat (XHIT Daily)_2_Up.png,squat_top,57.77329996560715,18.648573025366527,144.97704436604772,21.809283631841407,70.3814574247352,13.893440505875159,68.59213344656906,10.000577415176554,57.79458805331637,128.6659657614473,113.64613514275044,102.76150627023576,57.79458805331637,128.6659657614473,33.122440742678855,69.96639086225207,49.53218054360323,93.21936012592113,30.254018059811127,48.034833298601036
Exercise Tutorial - Squat (XHIT Daily)_3_Up.png,squat_top,100.89278703968698,11.439204186908048,151.3687639600875,19.969927024256414,68.34008562464649,12.020033616461815,74.23931060759668,10.020003975767386,116.46754343768885,155.0506274509992,106.86267187930683,106.58550393696638,116.46754343768885,155.0506274509992,59.78277610356221,81.8572058383349,20.18119402958479,112.59692741609678,61.904088870267614,54.90795139838261
Exercise Tutorial - Squat (XHIT Daily)_4_Up.png,squat_top,73.70558449957304,18.12448637048198,154.4829594612479,23.17432023340108,70.22653213996642,16.408940591869296,74.53696782062792,12.410302308050971,71.3447212720219,141.28406134173707,112.49583725789118,104.09679911794854,71.3447212720219,141.28406134173707,36.495798801080525,75.84179492995848,43.957463333161016,104.84804631079702,39.290898541795706,48.24633741042999
Exercise Tutorial - Squat (XHIT Daily)_5_Up.png,squat_top,79.98642922238089,14.683544988442545,144.88160349810158,19.73018670596901,64.46186315325743,15.563790795078717,71.96665780210506,13.537962187627235,81.9007350746351,135.31794243539593,104.97516408122662,102.51295931823904,81.9007350746351,135.31794243539593,37.077424121298215,64.03305389464019,26.477384763818623,86.11933224400654,37.893518864637215,46.64120308079003
How To Do Body Weight Squats (Eat Run Lift)_1_Up.png,squat_top,29.11439575426737,22.807625338932457,134.05445804449295,27.005159896020075,65.88588087431253,6.69944457463175,80.95012236545367,5.410420336039667,54.85216615214084,144.83502703702203,114.49425924229614,113.5881953001087,54.85216615214084,144.83502703702203,56.482350742795205,85.17194222500387,56.02770945984112,105.74469659100353,17.58763916797932,41.175297596133426
How To Do Body Weight Squats (Eat Run Lift)_2_Up.png,squat_top,25.98991580056628,20.47092918712352,124.29726252004555,28.49319904993631,64.03149298700798,10.23067228417953,85.59305473937006,6.8519728353228455,41.03443964163364,122.47085314837335,105.05102120580467,112.60091602296973,41.03443964163364,122.47085314837335,53.52532354020839,91.57388842051819,52.79047339628142,120.52539686349176,15.103086495155052,27.346702514644804
How To Do Body Weight Squats (Eat Run Lift)_3_Up.png,squat_top,95.4630135252266,26.848373227372562,126.47821614431224,30.518540190247176,67.48919666021499,7.115859624784517,98.74757875866561,5.111037871676896,62.67107352055595,130.3571054819016,124.02994809116682,125.29567055021971,62.67107352055595,130.3571054819016,67.28094154978568,108.67283240515032,91.2993738976172,137.0196138214184,41.86567475862249,27.76250179389022
How To Do Body Weight Squats (Eat Run Lift)_4_Up.png,squat_top,64.93567521872203,11.36687345296289,39.41570186042605,19.96431667872736,65.65808548316522,6.928988671000996,77.91410614899026,4.11266936557332,101.29146218698381,49.012337121732386,119.36412756870092,105.58540065944491,101.29146218698381,49.012337121732386,169.5605003769037,85.91944588288982,161.33903796723067,100.35860968953304,38.51303520850978,37.90764222979631
How To Do Body Weight Squats (Eat Run Lift)_5_Up.png,squat_top,25.11794468142784,21.696120707149497,147.3793113208544,30.177484907299263,63.955714124686835,12.423535494588203,90.96362986914096,8.727190050432243,53.802963649478095,149.21445047600383,106.16894445556667,119.18405828312844,53.802963649478095,149.21445047600383,58.09889108102821,101.19183833908127,51.67952426770485,132.1364547080998,19.271759582826043,37.617283433309
How to Body weight squat (The Movement Collective)_1_Up.png,squat_top,40.69062437097073,15.425727341873525,35.433876631406235,18.626806845110398,69.30870415146534,5.367914831312448,65.83469014967494,6.1109737283548355,14.169194072712353,38.55045584452047,112.24860183521707,110.4544151696699,14.169194072712353,38.55045584452047,138.77267082806077,54.51967470170489,104.53017739041331,55.017923049958576,32.52273704249242,33.15240086514868
How to Body weight squat (The Movement Collective)_2_Up.png,squat_top,41.48273852906881,10.530645165384517,36.76540887613198,16.374025525099135,66.87453460094622,6.043481731807708,64.11692899859628,7.204723682253314,31.817513760960967,20.257476670024996,111.92318211841784,105.27882570089126,31.817513760960967,20.257476670024996,133.27650202651728,54.3089382514073,114.38353620562445,52.40606030590162,35.61355727344941,32.015685750935866
How to Body weight squat (The Movement Collective)_3_Up.png,squat_top,43.22943810295481,5.8879874527153975,38.83642650156686,13.009859215100363,68.94362947278772,4.505545745423806,65.52358143886427,7.476470368940594,35.15628128200965,18.6025588525395,117.36074486762021,102.9507337570397,35.15628128200965,18.6025588525395,124.71293940999071,50.590923365457606,112.08172918726035,52.305710410996,35.4354201307584,35.655961684625005
How to Body weight squat (The Movement Collective)_4_Up.png,squat_top,43.54449626744407,9.042151401885869,39.96831376212029,17.387662931165593,73.85477594657206,6.054265030271675,70.39880861336182,9.916052202948453,27.24882873880838,24.62378229694543,120.25635730211155,111.45948204892963,27.24882873880838,24.62378229694543,143.7813841988667,58.27819063545976,118.18608983571691,58.64113387804743,37.97685402973505,37.42798140254521
How to Body weight squat (The Movement Collective)_5_Up.png,squat_top,44.99733471249047,10.539771570797685,39.86449262273848,14.548494855940808,71.01860887492099,4.901682072604677,67.13643298049658,7.832655329881803,18.791568296288613,15.726804054449865,117.52490227562139,105.20993571753574,18.791568296288613,15.726804054449865,123.55817544222332,56.17339380061915,92.19656979495426,59.82314627919773,35.5299592829991,35.80116528545593
Squats  Shilpa Shetty Kundra  Fitness  The Art Of Strengthening (Shilpa Shetty Kundra)_1_Up.png,squat_top,43.17661881448904,11.803386426402216,37.63762098239349,18.464254981369404,67.81837409401817,2.940731231703433,90.37487696162093,5.057074650968443,73.93932488663171,48.81277187809089,121.61270983520096,116.44179695160868,73.93932488663171,48.81277187809089,134.54962940599384,79.00041349883523,108.44963543275082,103.6488804060321,23.61063220983731,39.40890092238985
Squats  Shilpa Shetty Kundra  Fitness  The Art Of Strengthening (Shilpa Shetty Kundra)_2_Up.png,squat_top,61.85464797138114,9.732493039924556,51.62860910807418,18.6387331840777,71.20052836193965,7.968621585977056,84.15801037326419,9.053557500020958,95.58656267718563,58.5822090160779,129.7669838516,114.96514099639275,95.58656267718563,58.5822090160779,142.6446211954292,75.23266437833593,120.02793729270618,90.93607774545265,32.2750587179696,32.70355951463026
Squats  Shilpa Shetty Kundra  Fitness  The Art Of Strengthening (Shilpa Shetty Kundra)_3_Up.png,squat_top,67.8440163213122,10.030238112043941,47.38806984809092,20.524839031133627,65.90285260881403,4.592353335271619,90.60439912331105,5.68914172515459,97.64128582197638,53.833893154244834,113.89788876815676,113.6674825581743,97.64128582197638,53.833893154244834,155.81210661148563,93.75286953741147,141.8941454193764,126.60158311879859,42.18215770848392,41.64648917170537
Squats  Shilpa Shetty Kundra  Fitness  The Art Of Strengthening (Shilpa Shetty Kundra)_4_Up.png,squat_top,12.429030673943423,7.2659652774643595,37.41903294681517,7.396064855784856,62.60551148449448,2.5618561820055863,62.026608241396865,7.887071504010432,42.12370546420508,48.20484512565587,101.52707642878941,98.90074915399912,42.12370546420508,48.20484512565587,31.071146588912008,42.50976630455743,15.56606057111231,55.534680257696856,18.838289853222136,8.782201545774928
Squats  Shilpa Shetty Kundra  Fitness  The Art Of Strengthening (Shilpa Shetty Kundra)_5_Up.png,squat_top,59.83946882668389,9.542840370445479,39.38628022874983,18.94456539837992,67.96284280912012,3.9990016282958436,84.52071918418866,5.8104724529724985,94.88367659982886,50.92608296661425,117.7404077047242,112.55808112078243,94.88367659982886,50.92608296661425,142.90644687596796,77.82252288538186,132.33336256924832,102.2590896375398,36.13689666811905,35.000315528105126
